[
  {
    "totalAmount": 800.00,
    "invalidTotalAmount": 1100.00,
    "issuerCountryCodeNum": 344,
    "merchantId": "64524d923a3bbb16e5604c06",
    "issuerId": "6024d33321db3aa7f1d27b40",
    "cardNumber": 5420830012345678,
    "tenure": 6,
    "pspId": "61924413643c8804b2b6f67f",
    "cardApprovalCode": "abc123",
    "rrn": "abc123",
    "merchantCurrencyCodeNum": 702,
    "acquirerId": "2",
    "acquirerName": "2C2P",
    "txnTime": "20230430170610",
    "refundDateTime": "20230401170610",
    "cardCurrCode": 344,
    "issuerCurrencyCode": "HKD",
    "merchantCurrencyCode": "SGD",
    "installmentConfigType": "BANK",
    "installmentConfigId": "2084",
    "issuerId":"6024d33321db3aa7f1d27b40",
    "terminalId": 123,
    "productCode": "SMG975FCWG",
    "brandId": "5feca2ac5776bc7916d8a60b",
    "productAmount": 550.00,
    "quantity": 1
  }
]