[
  {
    "totalAmount": 9999.00,
    "invalidTotalAmount": 999999.99,
    "issuerCountryCodeNum": 344,
    "merchantId": "64672694a318a21da4b97626",
    "issuerId": "63fc1878a58f506841af0277",
    "cardNumber": 5420830012345678,
    "tenure": 6,
    "pspId": "61e16ad5b043c37b4fd126c9",
    "cardApprovalCode": "abc123",
    "rrn": "abc123",
    "merchantCurrencyCodeNum": 702,
    "acquirerId": "2",
    "acquirerName": "2C2P",
    "txnTime": "20230530170610",
    "refundDateTime": "20230530070610",
    "cardCurrCode": 344,
    "issuerCurrencyCode": "HKD",
    "merchantCurrencyCode": "SGD",
    "installmentConfigType": "BANK",
    "installmentConfigId": "9858",
    "terminalId": 123,
    "productCode": "SMG975FCWG",
    "brandId": "5feca2ac5776bc7916d8a60b",
    "productAmount": 550.00,
    "quantity": 1
  }
]