[
  {
    "CIBMerchantId": "6480489c7986e00b8d525c49",
    "MIBMerchantId": "64804a097986e00b8d525c4a",
    "BrandMerchantId": "64804a3c7986e00b8d525c4b",
    "AllMerchantId": "64804aa87986e00b8d525c4c",
    "MerchantIdWithNoScheme": "64804adc7986e00b8d525c4d",
    "MerchantIdWithBankMerchant": "64804b137986e00b8d525c4e",
    "MerchantIdWithBrandMerchant": "64804b4a7986e00b8d525c4f",
    "merchantCurrencyCodeNum": "HKD",
    "deliveryCountry": "HK",
    "paymentAmount": 1000,
    "sku": "ash_ma01",
    "unitAmount": 1000,
    "quantity" : 1,
    "serialNumbers": ["324"],
    "merchantCountry": "HK",
    "sku1": "ash_ma01",
    "sku2": "ash_ma02",
    "sku3": "ash_ma14",
    "sku4": "ash_ma03",
    "mask": "542083******4444",
    "raw": "5420835555554444",
    "cardNumberPrefix": "54208300",
    "MPGSAcquirerId": "20",
    "cardNumber": "5420830012345678"
  }
]