[
  {
    "CIBMerchantId": "63b2ca2288c0514b4b1b05a2",
    "MIBMerchantId": "6447c68a8576893802aa466e",
    "BrandMerchantId": "6447c6af8576893802aa466f",
    "AllMerchantId": "646218cd3a3bbb16e5604c52",
    "MerchantIdWithNoScheme": "6465ace83a3bbb16e5604c98",
    "MerchantIdWithBankMerchant": "6465b0693a3bbb16e5604c99",
    "MerchantIdWithBrandMerchant": "6465b53f3a3bbb16e5604c9a",
    "merchantCurrencyCodeNum": "HKD",
    "deliveryCountry": "HK",
    "paymentAmount": 1000,
    "sku": "ash_ma01",
    "unitAmount": 1000,
    "quantity" : 1,
    "serialNumbers": ["324"],
    "merchantCountry": "HK",
    "sku1": "ash_ma01",
    "sku2": "ash_ma02",
    "sku3": "ash_ma14",
    "sku4": "ash_ma03",
    "mask": "542084******4444",
    "raw": "5420845555554444",
    "cardNumberPrefix": "54208400",
    "MPGSAcquirerId": "59",
    "cardNumber": "5420840012345678"
  }
]