[
  {
    "amount": 800.00,
    "installmentConfigId": "635319745",
    "installmentConfigType": "MERCHANT",
    "issuerId": "6024d33321db3aa7f1d27b40",
    "terminalId": "123",
    "tenure": 6,
    "merchantCurrencyCode": "HKD",
    "issuerCurrencyCode": "HKD",
    "issuerCountryCodeNum": 344,
    "Interest Rate": "0.0%",
    "Instalment Plan Product Price":"800.00",
    "Transaction Amount": "800.00",
    "Tenure": "6 Months",
    "Auth Amount": "800.00",
    "Loan Amount": "800.00",
    "Interest Rate Charged to CH": "0.0%",
    "Total Interest Amount to CH": "0.00",
    "EMI Amount": "133.33",
    "Cost to Customer": "800.00",
    "Issuer Cash Back Percentage": "0.00%",
    "Issuer Fixed Cashback Amount": "0.00",
    "Final Cashback Amount": "0.00",
    "Cashback Type": "00",
    "Merchant Subvention Percentage": "6.00%",
    "Merchant Subvention Amt": "48.00",
    "Merchant Cashback Percentage": "0.00%",
    "Merchant Cashback Amt": "0.00",
    "Instalment Program Type": "MERCHANT",
    "Subvention Type": "01",
    "Distribution Type": " ",
    "Customer Processing Fee": "0.0%",
    "Customer Processing Amount": "0.00",
    "Interest Amount Charged": "0.00"
  },
  {
    "amount": 800.00,
    "installmentConfigId": "2084",
    "installmentConfigType": "BANK",
    "issuerId": "6024d33321db3aa7f1d27b40",
    "terminalId": "123",
    "tenure": 6,
    "merchantCurrencyCode": "HKD",
    "issuerCurrencyCode": "HKD",
    "issuerCountryCodeNum": 344,
    "Interest Rate": "6.0%",
    "Instalment Plan Product Price": "800.00",
    "Transaction Amount": "800.00",
    "Tenure": "6 Months",
    "Auth Amount": "800.00",
    "Loan Amount": "800.00",
    "Interest Rate Charged to CH": "6.0%",
    "Total Interest Amount to CH": "14.06",
    "EMI Amount": "135.68",
    "Cost to Customer": "766.06",
    "Issuer Cash Back Percentage": "6.00%",
    "Issuer Fixed Cashback Amount": "48.00",
    "Final Cashback Amount": "48.00",
    "Cashback Type": "02",
    "Instalment Program Type": "BANK",
    "Distribution Type": " ",
    "Customer Processing Fee": "0.0%",
    "Customer Processing Amount": "0.00",
    "Interest Amount Charged": "14.06"
  }
]