[
  {
    "totalAmount": 800.00,
    "issuerCountryCodeNum": 344,
    "merchantId": "64477ecf8576893802aa466b",
    "offlineMerchantId": "615ee857ecf1562d974f153e",
    "offlineIssuerCountryCode": 704,
    "issuerId": "6024d33321db3aa7f1d27b40",
    "offlineTotalAmount": 20000000.00,
    "cardNumber": 5420830012345678,
    "tenure": 6,
    "pspId": "622b1bbf26b19c4bf8d85dfb",
    "cardApprovalCode": "abc123",
    "rrn": "abc123",
    "merchantCurrencyCodeNum": 344,
    "acquirerId": "27",
    "acquirerName": "Gold Flash",
    "txnTime": "20230430170610",
    "refundDateTime": "20230401170610",
    "cardCurrCode": 344,
    "productCode": "SMG975FCWG",
    "brandId": "5feca2ac5776bc7916d8a60b",
    "productAmount": 550.00,
    "quantity": 1,
    "totalBankAmount": 450.00,
    "lessTotalAmount": 99.00,
    "moreTotalAmount": 1001.00,
    "merchantIdWithOutScheme":"647713367b73a51d655ade03",
    "merchantInstallmentConfigId": "635319745",
    "bankInstallmentConfigId": "2084",
    "terminalId": "123",
    "merchantCurrencyCode": "HKD",
    "issuerCurrencyCode": "HKD"
  }
]