[
  {
    "totalAmount": 800.00,
    "issuerCountryCodeNum": 344,
    "merchantId": "647f00497986e00b8d525c40",
    "offlineMerchantId": "647f1d107986e00b8d525c44",
    "offlineIssuerCountryCode": 344,
    "issuerId": "63fc1878a58f506841af0277",
    "offlineTotalAmount": 1.00,
    "cardNumber": 5420830012345678,
    "tenure": 6,
    "pspId": "6466006da318a21da4b9761b",
    "cardApprovalCode": "abc123",
    "rrn": "abc123",
    "merchantCurrencyCodeNum": 344,
    "acquirerId": "22",
    "acquirerName": "Gold Flash",
    "txnTime": "20230606170610",
    "refundDateTime": "20230606180610",
    "cardCurrCode": 344,
    "productCode": "65",
    "brandId": "647ed796482bbb7e4f0c32c0",
    "productAmount": 950.00,
    "quantity": 1,
    "totalBankAmount": 450.00,
    "lessTotalAmount": 99.00,
    "moreTotalAmount": 1001.00,
    "merchantIdWithOutScheme":"647f144e7986e00b8d525c43",
    "merchantInstallmentConfigId": "500272",
    "bankInstallmentConfigId": "9875",
    "brandInstallmentConfigId": "500273",
    "terminalId": "123",
    "merchantCurrencyCode": "HKD",
    "issuerCurrencyCode": "HKD"
  }
]