[
  {
    "merchantId":"647f00497986e00b8d525c40",
    "invaildIssuerId":"619b2e457b341d7b5986258d",
    "vaildIssuerId":"63fc1878a58f506841af0277",
    "invalidSchemeId":"647f1f1d031d7876a7e13d3a",
    "validSchemeId":"648177b8031d7876a7e13d42",
    "validCardNo": 54208300,
    "invalidSchemeIdsCardNo":12398100,
    "invalidCardNo":10000000,
    "bankScheme": "647ed56f031d7876a7e13d2b",
    "merchatscheme":"648177b8031d7876a7e13d42",
    "brandscheme": "647ed960031d7876a7e13d2f"
  }
]
