<?xml version="1.0" encoding="UTF-8"?>
<!DOCTYPE suite SYSTEM "http://testng.org/testng-1.0.dtd">
<suite name="Suite">
    <listeners>
        <listener class-name="com.pinelabs.PayLater.CommonUtilities.ExtentReport.Listener"></listener>
        <listener class-name="com.pinelabs.PayLater.CommonUtilities.ExtentReport.CustomReport"></listener>
    </listeners>
    <test name="Online API Domestic Test">
    <classes>
            <class name="com.pinelabs.PayLater.OnlineAPITest.IppOfferTest"/>
            <class name="com.pinelabs.PayLater.OnlineAPITest.LoginApiTest"/>
            <class name="com.pinelabs.PayLater.OnlineAPITest.EmiCalculatorTest"/>
            <class name="com.pinelabs.PayLater.OnlineAPITest.TransactionStatusTest"/>
            <class name="com.pinelabs.PayLater.OnlineAPITest.AuthCancelTest"/>
            <class name="com.pinelabs.PayLater.OnlineAPITest.AuthCaptureApiTest"/>
            <class name="com.pinelabs.PayLater.OnlineAPITest.CheckEligibilityTest"/>
            <class name="com.pinelabs.PayLater.OnlineAPITest.RefundApiTest"/>
            <class name="com.pinelabs.PayLater.OnlineAPITest.TransactionDBCheckTest"/>
    </classes>
</test>
    <test name="Online API Cross Border Test">
    <classes>
        <class name="com.pinelabs.PayLater.CrossBorderTest.IppOfferCrossBorderTest"/>
        <class name="com.pinelabs.PayLater.CrossBorderTest.EmiCalculatorCrossBorderTest"/>
        <class name="com.pinelabs.PayLater.CrossBorderTest.TransactionStatusCrossBorderTest"/>
        <class name="com.pinelabs.PayLater.CrossBorderTest.EmiCalculatorCrossBorderTest"/>
        <class name="com.pinelabs.PayLater.CrossBorderTest.RefundCrossBorderTest"/>
        <class name="com.pinelabs.PayLater.CrossBorderTest.AuthCaptureCrossBorderTest"/>
        <class name="com.pinelabs.PayLater.CrossBorderTest.AuthCancelCrossBorderTest"/>
        <class name="com.pinelabs.PayLater.CrossBorderTest.CheckEligibilityCrossBorderTest"/>
        <class name="com.pinelabs.PayLater.CrossBorderTest.CrossBorderDBTest"/>
    </classes>
    </test>
    <test name="MPGS Tests">
        <classes>
            <class name="com.pinelabs.PayLater.MpgsAPITest.SkuOfferTest"/>
            <class name="com.pinelabs.PayLater.MpgsAPITest.AcceptOfferTest"/>
            <class name="com.pinelabs.PayLater.MpgsAPITest.CartOfferTest"/>
            <class name="com.pinelabs.PayLater.MpgsAPITest.MerchantCapabilityTest"/>
            <class name="com.pinelabs.PayLater.MpgsAPITest.SerialNumbersTest"/>
            <class name="com.pinelabs.PayLater.MpgsAPITest.PostTransactionTest"/>
            <class name="com.pinelabs.PayLater.MpgsAPITest.CancelTransactionTest"/>
        </classes>
    </test>
</suite>