<?xml version="1.0" encoding="UTF-8"?>
<!DOCTYPE suite SYSTEM "http://testng.org/testng-1.0.dtd">
<suite name="Suite" parallel="tests" thread-count="5">
    <listeners>
        <listener class-name="com.pinelabs.PayLater.CommonUtilities.ExtentReport.Listener"></listener>
        <listener class-name="com.pinelabs.PayLater.CommonUtilities.ExtentReport.CustomReport"></listener>
    </listeners>
    <test name="Cross Border Tests">
        <classes>
            <class name="com.pinelabs.PayLater.CrossBorderTest.IppOfferCrossBorderTest"/>
            <class name="com.pinelabs.PayLater.CrossBorderTest.EmiCalculatorCrossBorderTest"/>
            <class name="com.pinelabs.PayLater.CrossBorderTest.TransactionStatusCrossBorderTest"/>
            <class name="com.pinelabs.PayLater.CrossBorderTest.EmiCalculatorCrossBorderTest"/>
            <class name="com.pinelabs.PayLater.CrossBorderTest.RefundCrossBorderTest"/>
            <class name="com.pinelabs.PayLater.CrossBorderTest.AuthCaptureCrossBorderTest"/>
            <class name="com.pinelabs.PayLater.CrossBorderTest.AuthCancelCrossBorderTest"/>
            <class name="com.pinelabs.PayLater.CrossBorderTest.CheckEligibilityCrossBorderTest"/>
            <class name="com.pinelabs.PayLater.CrossBorderTest.CrossBorderDBTest"/>
        </classes>
    </test></suite>