<?xml version="1.0" encoding="UTF-8"?>
<!DOCTYPE suite SYSTEM "http://testng.org/testng-1.0.dtd">
<suite name="Suite" parallel="tests" thread-count="5">
    <listeners>
        <listener class-name="com.pinelabs.PayLater.CommonUtilities.ExtentReport.Listener"></listener>
        <listener class-name="com.pinelabs.PayLater.CommonUtilities.ExtentReport.CustomReport"></listener>
    </listeners>
    <test name="DB Test">
        <classes>
            <class name="com.pinelabs.PayLater.OnlineAPITest.TransactionDBCheckTest"/>
        </classes>
    </test></suite>