<?xml version="1.0" encoding="UTF-8"?>
<!DOCTYPE suite SYSTEM "http://testng.org/testng-1.0.dtd">
<suite name="Suite"  thread-count="5">
    <listeners>
        <listener class-name="com.pinelabs.PayLater.CommonUtilities.ExtentReport.Listener"></listener>
        <listener class-name="com.pinelabs.PayLater.CommonUtilities.ExtentReport.CustomReport"></listener>
    </listeners>
    <test name="Test1">
    <classes>
            <class name="com.pinelabs.PayLater.OnlineAPITest.IppOfferTest"/>
    </classes>
    </test>
    <test name="Test2">
        <classes>
            <class name="com.pinelabs.PayLater.MpgsAPITest.SerialNumbersTest"/>
        </classes>
    </test>
    <test name="Test3">
        <classes>
            <class name="com.pinelabs.PayLater.OnlineAPITest.IppOfferTest"/>
        </classes>
    </test>
</suite>
