<?xml version="1.0" encoding="UTF-8"?>
<!DOCTYPE suite SYSTEM "http://testng.org/testng-1.0.dtd">
<suite name="Suite" parallel="tests" thread-count="5">
    <listeners>
        <listener class-name="com.pinelabs.PayLater.CommonUtilities.ExtentReport.Listener"></listener>
        <listener class-name="com.pinelabs.PayLater.CommonUtilities.ExtentReport.CustomReport"></listener>
    </listeners>
    <test name="MPGS Tests">
        <classes>
            <class name="com.pinelabs.PayLater.MpgsAPITest.SkuOfferTest"/>
            <class name="com.pinelabs.PayLater.MpgsAPITest.AcceptOfferTest"/>
            <class name="com.pinelabs.PayLater.MpgsAPITest.CartOfferTest"/>
            <class name="com.pinelabs.PayLater.MpgsAPITest.MerchantCapabilityTest"/>
            <class name="com.pinelabs.PayLater.MpgsAPITest.SerialNumbersTest"/>
            <class name="com.pinelabs.PayLater.MpgsAPITest.PostTransactionTest"/>
            <class name="com.pinelabs.PayLater.MpgsAPITest.CancelTransactionTest"/>
        </classes>
    </test></suite>