<?xml version="1.0" encoding="UTF-8"?>
<!DOCTYPE suite SYSTEM "http://testng.org/testng-1.0.dtd">
<suite name="Suite" parallel="tests" thread-count="5">
    <listeners>
        <listener class-name="com.pinelabs.PayLater.CommonUtilities.ExtentReport.Listener"></listener>
        <listener class-name="com.pinelabs.PayLater.CommonUtilities.ExtentReport.CustomReport"></listener>
    </listeners>
    <test name="Online Domestic Tests">
    <classes>
            <class name="com.pinelabs.PayLater.OnlineAPITest.IppOfferTest"/>
            <class name="com.pinelabs.PayLater.OnlineAPITest.LoginApiTest"/>
            <class name="com.pinelabs.PayLater.OnlineAPITest.EmiCalculatorTest"/>
            <class name="com.pinelabs.PayLater.OnlineAPITest.TransactionStatusTest"/>
            <class name="com.pinelabs.PayLater.OnlineAPITest.AuthCancelTest"/>
            <class name="com.pinelabs.PayLater.OnlineAPITest.AuthCaptureApiTest"/>
            <class name="com.pinelabs.PayLater.OnlineAPITest.CheckEligibilityTest"/>
            <class name="com.pinelabs.PayLater.OnlineAPITest.RefundApiTest"/>
            <class name="com.pinelabs.PayLater.OnlineAPITest.TransactionDBCheckTest"/>
    </classes>
</test>
    <test name="Test">


    </test></suite>